Code,Name,Sector,Industry
060310,3S,벤처기업부,"측정, 시험, 항해, 제어 및 기타 정밀기기 제조업; 광학기기 제외"
095570,AJ네트웍스,,산업용 기계 및 장비 임대업
006840,AK홀딩스,,기타 금융업
054620,APS,중견기업부,기타 금융업
079810,APS이노베이션,우량기업부,기타 전기장비 제조업
265520,AP시스템,우량기업부,특수 목적용 기계 제조업
211270,AP위성,우량기업부,통신 및 방송 장비 제조업
027410,BGF,,기타 금융업
282330,BGF리테일,,종합 소매업
126600,BGF에코머티리얼즈,우량기업부,합성고무 및 플라스틱 물질 제조업
138930,BNK금융지주,,기타 금융업
001460,BYC,,봉제의복 제조업
001465,BYC우,,
083790,CG인바이츠,벤처기업부,자연과학 및 공학 연구개발업
001040,CJ,,기타 금융업
079160,CJ CGV,,"영화, 비디오물, 방송프로그램 제작 및 배급업"
035760,CJ ENM,중견기업부,텔레비전 방송업
311690,CJ 바이오사이언스,기술성장기업부,자연과학 및 공학 연구개발업
00104K,CJ4우(전환),,
000120,CJ대한통운,,도로 화물 운송업
