date,ticker,name,price,ma_sell,reason
2020-01-03,086900,메디톡스,260170.0,268649.84444444446,90일선 이탈
2020-01-08,278280,천보,59900.0,62478.88888888889,90일선 이탈
2020-05-26,044340,위닉스,21700.0,21731.11111111111,90일선 이탈
2020-05-26,006060,화승인더스트리,8520.0,9528.444444444445,90일선 이탈
2020-05-26,091700,파트론,8850.0,9364.888888888889,90일선 이탈
2020-05-26,090460,비에이치,18000.0,18576.666666666668,90일선 이탈
2020-05-27,028050,삼성E&A,12150.0,13046.222222222223,90일선 이탈
2020-05-29,044340,위닉스,21000.0,21547.777777777777,90일선 이탈
2020-05-29,021240,코웨이,66600.0,68903.88888888889,90일선 이탈
2020-05-29,028050,삼성E&A,12100.0,12890.111111111111,90일선 이탈
2020-05-29,097520,엠씨넥스,32000.0,32373.333333333332,90일선 이탈
2020-06-16,028050,삼성E&A,12150.0,12231.222222222223,90일선 이탈
2020-09-24,008770,호텔신라,72500.0,73610.0,90일선 이탈
2020-09-28,081660,미스토홀딩스,36100.0,36277.22222222222,90일선 이탈
2021-08-19,007700,F&F 홀딩스,39500.0,52287.77777777778,90일선 이탈
2021-08-23,007700,F&F 홀딩스,48050.0,51608.333333333336,90일선 이탈
2021-08-25,007700,F&F 홀딩스,43200.0,50896.666666666664,90일선 이탈
2021-08-27,007700,F&F 홀딩스,42200.0,50045.555555555555,90일선 이탈
2021-08-31,007700,F&F 홀딩스,44000.0,49183.88888888889,90일선 이탈
2021-09-02,007700,F&F 홀딩스,45400.0,48255.0,90일선 이탈
2021-09-06,007700,F&F 홀딩스,39300.0,47173.333333333336,90일선 이탈
2021-09-15,001120,LX인터내셔널,30250.0,30266.666666666668,90일선 이탈
2021-09-16,137940,넥스트아이,16350.0,17355.555555555555,90일선 이탈
2021-09-16,011780,금호석유화학,208500.0,212761.11111111112,90일선 이탈
2023-07-26,003230,삼양식품,114700.0,115967.77777777778,90일선 이탈
2023-07-26,010950,S-Oil,72300.0,73791.11111111111,90일선 이탈
2024-02-02,010950,S-Oil,68800.0,69411.11111111111,90일선 이탈
2024-04-04,298050,HS효성첨단소재,342000.0,355127.77777777775,90일선 이탈
2024-04-05,383220,F&F,71600.0,75824.44444444444,90일선 이탈
2024-05-29,348210,넥스틴,68900.0,68923.33333333333,90일선 이탈
2024-08-14,282330,BGF리테일,114000.0,114826.66666666667,90일선 이탈
2024-08-19,282330,BGF리테일,110700.0,114688.88888888889,90일선 이탈
2024-08-21,282330,BGF리테일,109500.0,114455.55555555556,90일선 이탈
2024-08-23,282330,BGF리테일,112700.0,114301.11111111111,90일선 이탈
2024-08-27,282330,BGF리테일,113600.0,114264.44444444444,90일선 이탈
2024-09-02,248070,솔루엠,19900.0,21544.0,90일선 이탈
2024-09-03,383220,F&F,59600.0,62106.666666666664,90일선 이탈
2024-09-26,336570,원텍,7080.0,7105.444444444444,90일선 이탈
2024-09-26,383310,에코프로에이치엔,50677.0,51976.13333333333,90일선 이탈
2024-09-26,248070,솔루엠,20500.0,20509.555555555555,90일선 이탈
2025-02-18,005830,DB손해보험,103200.0,105123.33333333333,90일선 이탈
2025-02-18,282330,BGF리테일,104700.0,106843.33333333333,90일선 이탈
2025-02-20,282330,BGF리테일,104400.0,106700.0,90일선 이탈
2025-02-25,282330,BGF리테일,104100.0,106542.22222222222,90일선 이탈
2025-02-26,028050,삼성E&A,18010.0,18066.11111111111,90일선 이탈
2025-03-26,005830,DB손해보험,98000.0,100604.44444444444,90일선 이탈
2025-05-07,267260,HD현대일렉트릭,335500.0,354805.55555555556,90일선 이탈
2025-05-09,267260,HD현대일렉트릭,334500.0,354066.6666666667,90일선 이탈
2025-11-12,112040,위메이드,29150.0,29381.666666666668,90일선 이탈
2025-11-12,282330,BGF리테일,111000.0,113176.66666666667,90일선 이탈
2025-11-14,282330,BGF리테일,110000.0,112764.44444444444,90일선 이탈
2025-11-14,257720,실리콘투,44300.0,46410.0,90일선 이탈
2025-11-18,257720,실리콘투,44900.0,46281.666666666664,90일선 이탈
2025-11-18,282330,BGF리테일,109200.0,112481.11111111111,90일선 이탈
2025-11-20,282330,BGF리테일,111300.0,112216.66666666667,90일선 이탈
2025-11-25,282330,BGF리테일,110400.0,111828.88888888889,90일선 이탈
2025-11-26,036620,감성코퍼레이션,5710.0,5746.333333333333,90일선 이탈
2025-11-26,257720,실리콘투,44650.0,45700.0,90일선 이탈
2025-11-28,282330,BGF리테일,108300.0,111396.66666666667,90일선 이탈
2025-11-28,257720,실리콘투,45400.0,45514.444444444445,90일선 이탈
2025-12-02,257720,실리콘투,45100.0,45374.444444444445,90일선 이탈
2025-12-03,039130,하나투어,49400.0,50247.22222222222,90일선 이탈
2025-12-05,039130,하나투어,49450.0,50098.333333333336,90일선 이탈
2025-12-05,282330,BGF리테일,110900.0,110906.66666666667,90일선 이탈
2025-12-09,039130,하나투어,48750.0,49979.444444444445,90일선 이탈
2025-12-11,039130,하나투어,48750.0,49870.555555555555,90일선 이탈
2025-12-11,282330,BGF리테일,109600.0,110743.33333333333,90일선 이탈
2025-12-15,039130,하나투어,48600.0,49765.0,90일선 이탈
2025-12-17,039130,하나투어,48500.0,49645.0,90일선 이탈
2025-12-18,064400,LG씨엔에스,63500.0,64581.11111111111,90일선 이탈
2025-12-19,039130,하나투어,48700.0,49536.11111111111,90일선 이탈
2025-12-22,064400,LG씨엔에스,64100.0,64470.0,90일선 이탈
2025-12-23,039130,하나투어,48900.0,49408.333333333336,90일선 이탈
2025-12-24,064400,LG씨엔에스,62800.0,64372.22222222222,90일선 이탈
2025-12-24,005830,DB손해보험,129700.0,131843.33333333334,90일선 이탈
2025-12-30,039130,하나투어,48750.0,49173.333333333336,90일선 이탈
2025-12-30,005830,DB손해보험,131100.0,131863.33333333334,90일선 이탈
2026-01-02,012450,한화에어로스페이스,946000.0,946955.5555555555,90일선 이탈
2026-01-02,064400,LG씨엔에스,62600.0,63970.0,90일선 이탈
2026-03-05,009450,경동나비엔,59900.0,60767.77777777778,90일선 이탈
