code,market,buy_date,kosdaq_weak_day,invested,proceeds,pnl_pct,reason
086280,KOSPI,2024-01-02,False,4963162.08015,4578056.7741,-7.759273217979635,90일선 이탈
054450,KOSDAQ,2024-01-02,False,4981672.3425,4316379.0075,-13.354819210492863,하드손절(평단가 -12%)
101160,KOSDAQ,2024-01-02,False,4990532.52,4710463.02,-5.61201633047369,90일선 이탈
034120,KOSPI,2024-01-02,False,4991233.325,5219332.41375,4.569994506317743,90일선 이탈
033640,KOSDAQ,2024-01-02,False,4998942.18,4305580.956,-13.870158906298846,하드손절(평단가 -12%)
101730,KOSDAQ,2024-01-02,False,5000624.112,4313318.064,-13.744405350337585,하드손절(평단가 -12%)
010690,KOSPI,2024-01-02,False,4992534.82,4173651.3,-16.402159414483574,90일선 이탈
145720,KOSPI,2024-01-02,False,4958195.375,4292300.25,-13.43019132238209,하드손절(평단가 -12%)
118990,KOSDAQ,2024-01-02,False,4993485.9125,4505150.484,-9.779449407828878,90일선 이탈
005930,KOSPI,2024-01-02,False,4940875.4799999995,4389014.1,-11.16930354213258,90일선 이탈
166090,KOSDAQ,2024-01-02,False,4991733.9,4468778.1,-10.476435853281373,90일선 이탈
014680,KOSPI,2024-01-02,False,4867090.725,4187610.0,-13.960716234645487,하드손절(평단가 -12%)
192650,KOSPI,2024-01-02,False,5004398.4475,4518481.0424999995,-9.709806485187954,90일선 이탈
319660,KOSDAQ,2024-01-02,False,4986477.8625,4511691.132,-9.521484775267053,90일선 이탈
001120,KOSPI,2024-02-01,True,4978218.375,4669683.675,-6.1976931656799845,90일선 이탈
011200,KOSPI,2024-01-02,False,4990932.9799999995,4299718.302,-13.84940813210438,하드손절(평단가 -12%)
180640,KOSPI,2024-01-02,False,9938015.59,8539979.509337349,-14.067557733250158,하드손절(평단가 -12%)
086280,KOSPI,2024-02-01,True,4959440.8056,4734428.1138,-4.537057717191095,90일선 이탈
010060,KOSPI,2024-02-01,True,4933166.625,4477751.55,-9.231698615085804,90일선 이탈
093320,KOSDAQ,2024-01-02,False,19999372.86,18602247.39672801,-6.985846371544624,90일선 이탈
005290,KOSDAQ,2024-01-02,False,4979720.1,4396990.5,-11.702055302264869,90일선 이탈
111770,KOSPI,2024-02-01,True,4974213.775,4461300.225,-10.311449672265049,90일선 이탈
002900,KOSPI,2024-01-02,False,5002516.2855,4560406.995,-8.837738155525287,90일선 이탈
081660,KOSPI,2024-02-01,True,4971911.13,4747553.28,-4.512507245880714,90일선 이탈
021240,KOSPI,2024-01-02,False,14974500.895,14258361.556864262,-4.782392035348959,90일선 이탈
137310,KOSPI,2024-02-21,False,5005429.632,4326399.36,-13.565873899393576,90일선 이탈
028670,KOSPI,2024-02-29,False,5002100.80825,4382593.098,-12.384950523752758,하드손절(평단가 -12%)
049070,KOSDAQ,2024-02-01,True,15002733.325,14510908.027468078,-3.2782379508963344,90일선 이탈
060250,KOSDAQ,2024-02-01,True,30024668.707,28061076.39614887,-6.539929982285974,90일선 이탈
011780,KOSPI,2024-02-01,True,29989648.48,27843444.194420587,-7.156483634713862,90일선 이탈
383310,KOSDAQ,2024-03-13,False,10008953.0744,9421999.991130613,-5.86428049873311,하드손절(평단가 -12%)
353200,KOSPI,2024-04-03,False,4987729.3,4732996.35,-5.107192766054891,90일선 이탈
014680,KOSPI,2024-04-03,False,4824041.275,4552031.775,-5.638622982138564,90일선 이탈
108320,KOSPI,2024-04-03,False,4985326.54,4753136.76,-4.657463821818187,90일선 이탈
073570,KOSDAQ,2024-04-03,False,4974547.15795,4260670.83285,-14.350579106665595,하드손절(평단가 -12%)
078930,KOSPI,2024-02-01,True,4975715.5,4357108.5,-12.432523523501294,90일선 이탈
383310,KOSDAQ,2024-04-08,False,4994372.9314,4566939.6666,-8.558296920774477,90일선 이탈
007660,KOSPI,2024-04-03,False,10003234.5056,8671702.779112216,-13.311011810653516,하드손절(평단가 -12%)
131290,KOSDAQ,2024-02-15,False,24988203.425,22402986.362478532,-10.345750026730737,하드손절(평단가 -12%)
005290,KOSDAQ,2024-04-02,False,4998641.835,4373061.3,-12.515010189762876,하드손절(평단가 -12%)
005930,KOSPI,2024-04-03,False,4967606.185,4441359.225,-10.593572445195754,90일선 이탈
010950,KOSPI,2024-04-03,False,9983868.26,8860701.663975902,-11.249813867476831,90일선 이탈
081660,KOSPI,2024-04-23,True,4993385.7975,4721530.275,-5.444312406946561,90일선 이탈
265520,KOSDAQ,2024-04-22,True,4976115.96,4091893.2,-17.769335905910033,하드손절(평단가 -12%)
145720,KOSPI,2024-04-23,True,4937671.8,4318024.14,-12.549389370107589,90일선 이탈
028050,KOSPI,2024-04-23,True,4983724.7,4717043.55,-5.3510409593852675,90일선 이탈
166090,KOSDAQ,2024-04-03,False,9997483.9,8874090.778282829,-11.236758497977394,90일선 이탈
131290,KOSDAQ,2024-04-24,False,24972084.91,22409202.01750163,-10.2629912629845,하드손절(평단가 -12%)
297890,KOSDAQ,2024-05-24,True,5002386.136,5112413.757,2.199502757457661,90일선 이탈
036810,KOSDAQ,2024-04-09,True,25020454.4711,25311127.832917973,1.1617429337813068,90일선 이탈
099320,KOSDAQ,2024-05-24,True,4953289.74,4330287.8549999995,-12.577537711331232,90일선 이탈
319660,KOSDAQ,2024-04-02,False,9987472.4,10255659.410920436,2.6852340630291627,90일선 이탈
003960,KOSPI,2024-07-11,False,4933667.2,4170859.56,-15.461270675087292,하드손절(평단가 -12%)
000990,KOSPI,2024-07-17,True,4981221.825,3917658.7125,-21.35145050481666,90일선 이탈
021240,KOSPI,2024-07-17,True,4956793.765,4260893.175,-14.03932911055863,90일선 이탈
028050,KOSPI,2024-07-17,True,4984125.16,5129822.25,2.923222939289105,90일선 이탈
003230,KOSPI,2024-05-10,False,59951364.875,59908494.51043043,-0.07150857142110834,90일선 이탈
017800,KOSPI,2024-08-21,True,5004648.735,4773875.4,-4.61117946972156,90일선 이탈
101160,KOSDAQ,2024-08-21,True,4995338.04,4501082.52,-9.894335799544818,90일선 이탈
028050,KOSPI,2024-08-21,True,4983324.24,4379043.6,-12.126055036707795,90일선 이탈
340570,KOSDAQ,2024-08-29,True,4989931.83,4573069.53,-8.354068035434459,90일선 이탈
005830,KOSPI,2024-08-21,True,4933667.2,4243444.8,-13.990047808656414,90일선 이탈
185750,KOSPI,2024-08-21,True,9922247.4775,8741130.633571766,-11.903722887446321,90일선 이탈
282330,KOSPI,2024-09-02,True,4896924.995,4517135.025,-7.755682808860332,90일선 이탈
383220,KOSPI,2024-09-26,True,4983724.7,4584435.9,-8.011855068960772,90일선 이탈
021240,KOSPI,2024-08-21,True,19984155.38,19214388.328478914,-3.851886841769969,90일선 이탈
192080,KOSPI,2024-08-22,True,4969858.7725,5052725.35875,1.6673831197886457,90일선 이탈
012450,KOSPI,2024-07-22,True,9773453.56105,10242318.173112363,4.797327875285795,90일선 이탈
091810,KOSPI,2024-08-30,True,10009497.7,9598916.866328489,-4.101912463314816,90일선 이탈
