임계값,매도비율,CAGR,MDD,Sharpe,Calmar,손익비,승률,최대단일종목비중,비고
0.08,0.7,0.6906809090844594,-0.32092067570857896,1.4908596139884842,2.152185762289905,3.4164358197128766,0.38054607508532423,0.9376961905908967,
0.04,0.7,0.6876421677833198,-0.3196706673591223,1.4935342596139796,2.1510956055621246,3.5090800699881157,0.4243421052631579,0.8929368157971728,
0.06,0.5,0.6857758863169388,-0.3218688330084449,1.4825219129404694,2.130606681942846,3.635035740120622,0.4080145719489982,0.8774944315726056,
0.15,0.5,0.6842177697574692,-0.3189317447286071,1.4903796819335442,2.1453423218805012,3.3670135885122128,0.3168724279835391,0.8931151300942559,
0.1,0.7,0.6824980822450144,-0.3210812872756645,1.4875538606657293,2.1256239752740727,3.3444397670085353,0.3575418994413408,0.8962576956561012,
0.1,0.5,0.6819113548087901,-0.32343584243639845,1.4804403596842697,2.1083357665991627,3.5090341464664045,0.3687258687258687,0.8996735902200681,
0.06,0.7,0.6804003613390155,-0.3235827572331812,1.470837375615749,2.1027089550655607,3.552673054385681,0.39853747714808047,0.8810142936210997,
0.08,0.5,0.6783277503990794,-0.32549877530383825,1.4619327773004664,2.0839640633544363,3.5517422599236887,0.3849056603773585,0.9213535847813458,★현재채택★
0.04,0.5,0.6746349465934125,-0.32489122747224025,1.4594106165539615,2.076494806715135,3.604524413631124,0.43622920517560076,0.9476760094798536,
0.15,0.7,0.6741904935409557,-0.34960339718502914,1.4639582807484566,1.9284437707684443,3.183746394308205,0.308300395256917,0.9184575420620265,
0.12,0.7,0.6723554298647518,-0.32331030661318616,1.4697413725375745,2.079597885102899,3.2286754218585707,0.33532934131736525,0.916974527971315,
0.06,0.3,0.6646251808910684,-0.3350977430953582,1.4431926011164593,1.9833770730647298,3.4624606578779513,0.41044776119402987,0.8888372549750073,
0.08,0.3,0.6636481669676633,-0.334004234829029,1.4454257487284616,1.986945367047137,3.4967013539107175,0.3929273084479371,0.89341420589566,
0.04,0.3,0.6624832959949705,-0.33754483384105577,1.4439596271534703,1.9626527488402408,3.5104696458687656,0.43253234750462105,0.9000479815382307,
0.1,0.3,0.6597313560199665,-0.32932874853914146,1.443516482709318,2.0032607506828572,3.5216443099104175,0.36721991701244816,0.9066368435187317,
0.15,0.3,0.6520308997269069,-0.3425179732792447,1.4380776867273968,1.903639956421573,3.4544736373830798,0.32134831460674157,0.900829903592273,
0.12,0.5,0.6441445117230349,-0.32928935482079946,1.4233970483509868,1.956165610253574,3.316268730930185,0.34557235421166305,0.9012326408541734,
0.12,0.3,0.6391446337852096,-0.33518863155834744,1.4261617204588382,1.906820737963935,3.59710231904731,0.35412026726057905,0.887213820886814,
