name,code,theme,industry,buy_date,buy_price,exit_date,exit_price,reason,partial,pnl_pct,buy_mom_pct,buy_disp_pct,hold_days,pyr
현대글로비스,086280,운송/물류,기타 운송관련 서비스업,2024-01-02,93537.0,2024-01-11,86634.0,90일선 이탈,N,-7.759273217979635,7.657336218406141,6.065758444389544,7,0
텔레칩스,054450,반도체,반도체 제조업,2024-01-02,33850.0,2024-01-12,29450.0,하드손절(평단가 -12%),N,-13.354819210492863,9.193548387096783,32.77691821569439,8,0
월덱스,101160,반도체,전자부품 제조업,2024-01-02,26800.0,2024-01-12,25400.0,90일선 이탈,N,-5.61201633047369,8.502024291497978,4.307213284898811,8,0
SBS,034120,미디어/엔터/IT서비스,텔레비전 방송업,2024-01-02,29500.0,2024-01-15,26500.0,90일선 이탈,Y,4.569994506317743,14.119922630560922,11.575718097959694,9,0
네패스,033640,반도체,반도체 제조업,2024-01-02,21900.0,2024-01-17,18940.0,하드손절(평단가 -12%),N,-13.870158906298846,29.585798816568044,23.691543037879367,11,0
위메이드맥스,101730,미디어/엔터/IT서비스,소프트웨어 개발 및 공급업,2024-01-02,14190.0,2024-01-17,12290.0,하드손절(평단가 -12%),N,-13.744405350337585,16.79012345679012,26.83987843394314,11,0
화신,010690,자동차/부품,자동차 신품 부품 제조업,2024-01-02,13700.0,2024-01-17,11500.0,90일선 이탈,N,-16.402159414483574,16.595744680851055,15.808357362236897,11,0
덴티움,145720,기타,의료용 기기 제조업,2024-01-02,141500.0,2024-01-17,123000.0,하드손절(평단가 -12%),N,-13.43019132238209,12.569610182975332,20.867856837789354,11,0
모트렉스,118990,자동차/부품,자동차 신품 부품 제조업,2024-01-02,17750.0,2024-01-17,16080.0,90일선 이탈,N,-9.779449407828878,9.365372766481816,8.44992973666524,11,0
삼성전자,005930,기계/장비,통신 및 방송 장비 제조업,2024-01-02,79600.0,2024-01-17,71000.0,90일선 이탈,N,-11.16930354213258,9.340659340659329,12.890009454774665,11,0
하나머티리얼즈,166090,반도체,반도체 제조업,2024-01-02,55400.0,2024-01-29,49800.0,90일선 이탈,N,-10.476435853281373,20.697167755991288,14.160112648967951,19,0
한솔케미칼,014680,2차전지/소재,기초 화학물질 제조업,2024-01-02,231500.0,2024-01-31,200000.0,하드손절(평단가 -12%),N,-13.960716234645487,15.174129353233834,28.919084479590136,21,0
드림텍,192650,반도체,전자부품 제조업,2024-01-02,12850.0,2024-01-31,11650.0,90일선 이탈,N,-9.709806485187954,8.530405405405395,7.364668529572869,21,0
피에스케이,319660,기계/장비,특수 목적용 기계 제조업,2024-01-02,21750.0,2024-02-01,19760.0,90일선 이탈,N,-9.521484775267053,9.627016129032251,10.929769980109144,22,0
HMM,011200,운송/물류,해상 운송업,2024-01-02,20600.0,2024-02-13,17820.0,하드손절(평단가 -12%),N,-13.84940813210438,32.989025177533904,26.218615543815698,28,0
한진칼,180640,금융,기타 금융업,2024-01-02,78200.0,2024-02-14,69500.0,하드손절(평단가 -12%),N,-14.067557733250158,45.083487940630796,60.331689314637835,29,1
케이아이엔엑스,093320,미디어/엔터/IT서비스,"자료처리, 호스팅, 포털 및 기타 인터넷 정보매개 서비스업",2024-01-02,95700.0,2024-02-21,95000.0,90일선 이탈,Y,-6.985846371544624,15.024038461538458,17.167732281322266,34,3
동진쎄미켐,005290,2차전지/소재,기초 화학물질 제조업,2024-01-02,41450.0,2024-02-23,36750.0,90일선 이탈,N,-11.702055302264869,7.802340702210664,17.56456517971102,36,0
TYM,002900,기계/장비,특수 목적용 기계 제조업,2024-01-02,5790.0,2024-02-29,5300.0,90일선 이탈,N,-8.837738155525287,13.307240704500977,6.247196509399338,40,0
코웨이,021240,기타,그외 기타 개인 서비스업,2024-01-02,55700.0,2024-03-04,52900.0,90일선 이탈,Y,-4.782392035348959,11.40000000000001,18.723948465327776,41,2
LX인터내셔널,001120,기타,상품 중개업,2024-02-01,29250.0,2024-02-06,27550.0,90일선 이탈,N,-6.1976931656799845,5.0269299820466795,3.963035365203483,3,0
현대글로비스,086280,운송/물류,기타 운송관련 서비스업,2024-02-01,91736.0,2024-02-15,87934.0,90일선 이탈,N,-4.537057717191095,0.8243026399665787,4.051042005102091,8,0
OCI홀딩스,010060,금융,기타 금융업,2024-02-01,109500.0,2024-02-20,99800.0,90일선 이탈,N,-9.231698615085804,7.563850687622797,9.906654622101776,11,0
영원무역,111770,유통/소비재,상품 종합 도매업,2024-02-01,52300.0,2024-02-27,47100.0,90일선 이탈,N,-10.311449672265049,18.19209039548022,10.043484359657743,16,0
미스토홀딩스,081660,유통/소비재,생활용품 도매업,2024-02-01,40050.0,2024-02-29,38400.0,90일선 이탈,N,-4.512507245880714,3.0888030888030826,4.265197205710077,18,0
인탑스,049070,기계/장비,통신 및 방송 장비 제조업,2024-02-01,29500.0,2024-04-02,29200.0,90일선 이탈,Y,-3.2782379508963344,11.111111111111116,7.008987948893637,40,2
NHN KCP,060250,금융,금융 지원 서비스업,2024-02-01,11290.0,2024-04-03,11760.0,90일선 이탈,Y,-6.539929982285974,16.511867905056764,13.957270229350078,41,5
금호석유화학,011780,2차전지/소재,기초 화학물질 제조업,2024-02-01,130400.0,2024-04-03,131600.0,90일선 이탈,Y,-7.156483634713862,3.164556962025311,2.637654796054011,41,5
GS,078930,금융,기타 금융업,2024-02-01,49700.0,2024-04-12,43700.0,90일선 이탈,N,-12.432523523501294,22.113022113022108,20.57091257058911,47,0
티에스이,131290,기계/장비,"측정, 시험, 항해, 제어 및 기타 정밀기기 제조업; 광학기기 제외",2024-02-15,54500.0,2024-04-23,53800.0,하드손절(평단가 -12%),Y,-10.345750026730737,22.334455667789,18.368184176550784,46,4
에스디바이오센서,137310,바이오/제약,의료용 기기 제조업,2024-02-21,13020.0,2024-03-07,11300.0,90일선 이탈,N,-13.565873899393576,23.88201712654614,15.426668899417844,10,0
팬오션,028670,운송/물류,해상 운송업,2024-02-29,4865.0,2024-03-13,4280.0,하드손절(평단가 -12%),N,-12.384950523752758,31.132075471698116,17.48369958947114,8,0
에코프로에이치엔,383310,화학,기타 화학제품 제조업,2024-03-13,73492.0,2024-04-03,70593.0,하드손절(평단가 -12%),Y,-5.86428049873311,29.275800805643026,22.302985701104454,15,1
동진쎄미켐,005290,2차전지/소재,기초 화학물질 제조업,2024-04-02,48950.0,2024-04-23,43000.0,하드손절(평단가 -12%),N,-12.515010189762876,28.985507246376805,22.57418304745211,14,0
피에스케이,319660,기계/장비,특수 목적용 기계 제조업,2024-04-02,31100.0,2024-07-22,31250.0,90일선 이탈,Y,2.6852340630291627,17.13747645951036,37.854609929078016,74,1
대덕전자,353200,반도체,전자부품 제조업,2024-04-03,26500.0,2024-04-08,25250.0,90일선 이탈,N,-5.107192766054891,9.958506224066399,4.465517618974616,3,0
한솔케미칼,014680,2차전지/소재,기초 화학물질 제조업,2024-04-03,209500.0,2024-04-08,198500.0,90일선 이탈,N,-5.638622982138564,9.85841636077609,5.042367924055282,3,0
LX세미콘,108320,반도체,반도체 제조업,2024-04-03,84400.0,2024-04-08,80800.0,90일선 이탈,N,-4.657463821818187,8.34403080872914,3.1294548910460915,3,0
리튬포어스,073570,기타,그외 기타 제품 제조업,2024-04-03,35747.0,2024-04-11,30743.0,하드손절(평단가 -12%),N,-14.350579106665595,17.751498781210874,17.34152367488692,5,0
이수페타시스,007660,반도체,전자부품 제조업,2024-04-03,38998.0,2024-04-22,34913.0,하드손절(평단가 -12%),N,-13.311011810653516,2.297885735270966,26.126482241846098,12,1
삼성전자,005930,기계/장비,통신 및 방송 장비 제조업,2024-04-03,84100.0,2024-04-23,75500.0,90일선 이탈,N,-10.593572445195754,15.36351165980796,12.749698350985387,13,0
S-Oil,010950,기타,석유 정제품 제조업,2024-04-03,80200.0,2024-04-30,72700.0,90일선 이탈,N,-11.249813867476831,8.525033829499318,12.698487048573712,18,1
하나머티리얼즈,166090,반도체,반도체 제조업,2024-04-03,55400.0,2024-05-22,51100.0,90일선 이탈,N,-11.236758497977394,14.46280991735538,11.39534623934583,31,1
에코프로에이치엔,383310,화학,기타 화학제품 제조업,2024-04-08,67414.0,2024-04-17,61898.0,90일선 이탈,N,-8.558296920774477,4.4919089838179715,6.526678548497062,6,0
에프에스티,036810,반도체,전자부품 제조업,2024-04-09,27427.0,2024-07-17,30474.0,90일선 이탈,Y,1.1617429337813068,17.229440930073526,18.483805874006652,66,4
AP시스템,265520,기계/장비,특수 목적용 기계 제조업,2024-04-22,32700.0,2024-05-10,27000.0,하드손절(평단가 -12%),N,-17.769335905910033,56.085918854415276,45.534566313915526,12,0
미스토홀딩스,081660,유통/소비재,생활용품 도매업,2024-04-23,40550.0,2024-05-07,38500.0,90일선 이탈,N,-5.444312406946561,4.510309278350522,2.9521700495084504,8,0
덴티움,145720,기타,의료용 기기 제조업,2024-04-23,137000.0,2024-05-10,120300.0,90일선 이탈,N,-12.549389370107589,4.02429764616552,7.413537764613648,11,0
삼성E&A,028050,기타,"건축기술, 엔지니어링 및 관련 기술 서비스업",2024-04-23,26200.0,2024-05-16,24900.0,90일선 이탈,N,-5.3510409593852675,8.264462809917351,4.287830875035937,14,0
티에스이,131290,기계/장비,"측정, 시험, 항해, 제어 및 기타 정밀기기 제조업; 광학기기 제외",2024-04-24,64200.0,2024-05-24,62400.0,하드손절(평단가 -12%),Y,-10.2629912629845,15.053763440860223,19.503619441571878,19,4
삼양식품,003230,기타,기타 식품 제조업,2024-05-10,325500.0,2024-08-21,515000.0,90일선 이탈,Y,-0.07150857142110834,46.292134831460686,51.04018973473228,70,11
HB솔루션,297890,기계/장비,특수 목적용 기계 제조업,2024-05-24,6680.0,2024-07-11,6410.0,90일선 이탈,Y,2.199502757457661,18.230088495575213,24.49266959330739,33,0
쎄트렉아이,099320,조선/방산/항공,"항공기,우주선 및 부품 제조업",2024-05-24,53200.0,2024-07-18,46700.0,90일선 이탈,N,-12.577537711331232,28.34740651387213,34.86754080813487,38,0
사조대림,003960,식품/음료,수산물 가공 및 저장 처리업,2024-07-11,88000.0,2024-07-22,74700.0,하드손절(평단가 -12%),N,-15.461270675087292,85.65400843881856,85.17869042191282,7,0
DB하이텍,000990,반도체,반도체 제조업,2024-07-17,53500.0,2024-08-05,42250.0,90일선 이탈,N,-21.35145050481666,16.684841875681578,19.20382244448296,13,0
코웨이,021240,기타,그외 기타 개인 서비스업,2024-07-17,64300.0,2024-08-05,55500.0,90일선 이탈,N,-14.03932911055863,16.485507246376805,11.457791644999133,13,0
삼성E&A,028050,기타,"건축기술, 엔지니어링 및 관련 기술 서비스업",2024-07-17,25400.0,2024-08-05,24600.0,90일선 이탈,Y,2.923222939289105,14.157303370786511,3.434233745079403,13,0
한화에어로스페이스,012450,조선/방산/항공,"항공기,우주선 및 부품 제조업",2024-07-22,280131.0,2024-11-26,314613.0,90일선 이탈,Y,4.797327875285795,16.525584123326254,22.97601508736871,84,1
현대엘리베이터,017800,기계/장비,일반 목적용 기계 제조업,2024-08-21,43850.0,2024-08-30,42000.0,90일선 이탈,N,-4.61117946972156,1.387283236994219,4.7164179104477615,7,0
월덱스,101160,반도체,전자부품 제조업,2024-08-21,25200.0,2024-09-02,22800.0,90일선 이탈,N,-9.894335799544818,12.00000000000001,8.8145546663596,8,0
삼성E&A,028050,기타,"건축기술, 엔지니어링 및 관련 기술 서비스업",2024-08-21,27200.0,2024-09-05,24000.0,90일선 이탈,N,-12.126055036707795,8.366533864541825,9.427383666353755,11,0
DB손해보험,005830,금융,보험업,2024-08-21,123200.0,2024-09-25,106400.0,90일선 이탈,N,-13.990047808656414,15.898400752587015,18.82970742685671,22,0
종근당,185750,바이오/제약,의약품 제조업,2024-08-21,116925.0,2024-10-02,104984.0,90일선 이탈,N,-11.903722887446321,18.146636218499278,16.237198665010546,26,1
코웨이,021240,기타,그외 기타 개인 서비스업,2024-08-21,62800.0,2024-10-30,62500.0,90일선 이탈,Y,-3.851886841769969,0.15948963317384823,6.482789803877244,44,3
더블유게임즈,192080,미디어/엔터/IT서비스,소프트웨어 개발 및 공급업,2024-08-22,49150.0,2024-11-12,47150.0,90일선 이탈,Y,1.6673831197886457,6.500541711809316,9.705740113835057,52,0
티앤엘,340570,바이오/제약,의료용품 및 기타 의약 관련제품 제조업,2024-08-29,70200.0,2024-09-05,64600.0,90일선 이탈,N,-8.354068035434459,15.270935960591125,9.26825893706439,5,0
트리니티항공,091810,조선/방산/항공,항공 여객 운송업,2024-08-30,2800.0,2024-12-02,2648.0,90일선 이탈,Y,-4.101912463314816,12.404656764351675,9.295779534799003,60,1
BGF리테일,282330,유통/소비재,종합 소매업,2024-09-02,119300.0,2024-10-04,110500.0,90일선 이탈,N,-7.755682808860332,6.899641577060933,4.822805818607831,19,0
F&F,383220,유통/소비재,봉제의복 제조업,2024-09-26,65500.0,2024-10-17,60500.0,90일선 이탈,N,-8.011855068960772,12.73666092943202,7.965055585062538,12,0
