industry,건수,평균손익
반도체 제조업,6,-12.491181132447556
전자부품 제조업,6,-7.07877004302226
특수 목적용 기계 제조업,5,-6.2487644032431096
기초 화학물질 제조업,5,-10.194577668705131
"건축기술, 엔지니어링 및 관련 기술 서비스업",3,-4.851291018934653
의료용 기기 제조업,3,-13.181818197294419
통신 및 방송 장비 제조업,3,-8.347037979408222
기타 금융업,3,-11.910593290612418
그외 기타 개인 서비스업,3,-7.557869329225852
해상 운송업,2,-13.117179327928568
자동차 신품 부품 제조업,2,-13.090804411156226
"항공기,우주선 및 부품 제조업",2,-3.8901049180227183
"측정, 시험, 항해, 제어 및 기타 정밀기기 제조업; 광학기기 제외",2,-10.304370644857618
기타 화학제품 제조업,2,-7.211288709753793
소프트웨어 개발 및 공급업,2,-6.03851111527447
생활용품 도매업,2,-4.978409826413637
기타 운송관련 서비스업,2,-6.148165467585365
석유 정제품 제조업,1,-11.249813867476831
상품 중개업,1,-6.1976931656799845
봉제의복 제조업,1,-8.011855068960772
상품 종합 도매업,1,-10.311449672265049
보험업,1,-13.990047808656414
그외 기타 제품 제조업,1,-14.350579106665595
금융 지원 서비스업,1,-6.539929982285974
기타 식품 제조업,1,-0.07150857142110834
"자료처리, 호스팅, 포털 및 기타 인터넷 정보매개 서비스업",1,-6.985846371544624
일반 목적용 기계 제조업,1,-4.61117946972156
의료용품 및 기타 의약 관련제품 제조업,1,-8.354068035434459
의약품 제조업,1,-11.903722887446321
수산물 가공 및 저장 처리업,1,-15.461270675087292
종합 소매업,1,-7.755682808860332
텔레비전 방송업,1,4.569994506317743
항공 여객 운송업,1,-4.101912463314816
